Patient_ID,Name,Identity_number,Age,Contact_number,Emergency_number,Allergy,Chronic_condition
1,Ahmad Razali,950314-12-1234,29,012-3456789,017-1234567,Penicillin,Heart Disease
2,Lim Wei Sheng,870623-08-5678,37,016-1234567,019-8765432,Dust,Diabetes
3,Siti Aishah,800412-06-3456,44,011-2345678,013-7654321,Pollen,Stroke
4,Arvind Kumar,760818-05-2345,48,010-9876543,012-3459876,Peanuts,Lung Infections
5,Wong Mei Ling,900110-14-8765,34,014-7654321,017-6543210,Shellfish,Lung Cancer
6,Nur Fatimah,920721-07-5678,32,012-3459876,018-7654321,Lactose,Breast Cancer
7,Mohammad Ismail,850929-02-2345,39,019-2345678,016-8765432,Latex,None
8,Tan Jia En,780203-04-9876,46,016-8765432,012-3456543,None,None
9,Rajesh Varma,740501-09-7654,50,013-9876543,015-2345678,Pollen,High Blood Pressure
10,Sarah Lim,960317-11-8765,28,014-8765432,019-9876543,Gluten,Chronic Obstructive Pulmonary Disease (COPD)
11,Ali Zain,600908-11-6177,64,018-9238386,016-3570541,Dust,Asthma
12,Chong Wei,910907-12-2716,33,018-5967074,017-4417087,Shellfish,Arthritis
13,Wong Li Hua,731014-07-6201,51,015-5105822,014-5888604,Latex,Thyroid Disorders
14,Zaid Farhan,930407-15-5594,31,018-6994852,013-9793312,Pollen,None
15,Neoh Yu Jin,900329-03-7308,34,013-9670775,013-2739689,None,Inflammatory Bowel Disease
16,Ahmad Syafiq,960420-03-6265,28,011-8542206,011-1583826,Peanuts,Dementia
17,Nabila Izzati,910823-06-8296,33,010-7825053,010-4944431,None,Depression
18,Rajesh Nair,640715-05-9762,60,015-7818597,011-8159464,Dust,Obesity
19,Lim Hui Min,900206-09-8376,34,016-8998452,017-1937808,Gluten,Parkinson's Disease
20,Mohd Faizal,880519-05-9016,36,016-1531446,013-9656371,None,Lung Infections
21,Zainal Abidin,870318-01-1253,37,019-6644414,016-9951004,Dust,Heart Disease
22,Siti Nurhaliza,620610-13-4763,62,015-7524536,017-5168350,Lactose,Diabetes
23,Hafiz Rahman,821131-03-6297,42,016-6224990,018-7151822,Pollen,Stroke
24,Arvin Singh,620825-14-8938,62,010-2525889,018-4872280,Gluten,Lung Infections
25,Tan Li Wei,660629-05-8454,58,016-6087139,017-1717751,Pollen,Lung Cancer
26,Farah Lina,710529-09-7384,53,012-6185095,016-7074386,Latex,None
27,Kamal Hussain,720129-11-9307,52,018-9871785,012-4746699,Dust,None
28,Goh Jia Ying,630426-14-7861,61,014-7956902,014-1503397,Pollen,Kidney Disease
29,Aaron Lim,780303-10-5696,46,019-8969355,016-4350834,Peanuts,High Blood Pressure
30,Balvinder Singh,910728-08-6523,33,017-7958424,013-5529245,Peanuts,Chronic Obstructive Pulmonary Disease (COPD)
31,Aishah Sofea,910131-12-6255,33,013-5129717,011-2807267,None,Asthma
32,Faizal Ramli,871215-09-1384,37,015-6068331,016-6193974,Gluten,Arthritis
33,Sarah Abdullah,791111-10-5589,45,018-5670569,012-5378669,Shellfish,None
34,Farid Jamal,730524-02-6274,51,013-9048908,017-5623928,Shellfish,Chronic Kidney Disease
35,Nurul Ain,860820-16-7673,38,017-6710624,016-5471307,Gluten,Inflammatory Bowel Disease
36,Ramesh Kumar,630620-04-1381,61,011-3487816,019-4249635,Pollen,Dementia
37,Tan Yong Sheng,840912-03-9877,40,012-4219898,016-2437506,Penicillin,None
38,Siti Amina,721125-01-1774,52,014-7503876,018-4816275,Pollen,Obesity
39,Jason Ong,960505-02-3763,28,011-2306741,011-1559570,Pollen,Parkinson's Disease
40,Amir Hamzah,960607-16-8111,28,011-8677195,012-7623445,None,Skin Diseases
41,Melvin Tan,791010-03-3053,45,014-2611023,018-4953276,Latex,Heart Disease
42,Raj Kumar,990203-16-9837,25,010-3568126,010-2899571,Gluten,Diabetes
43,Cheryl Lee,770911-09-9118,47,016-6237853,010-3851063,Pollen,Stroke
44,Nor Hidayah,960218-16-1285,28,018-6261056,016-8244175,None,Lung Infections
45,Ibrahim Faiz,931122-07-6616,31,013-7687950,019-6682268,Dust,None
46,Vivian Chong,910516-13-1179,33,012-9242420,014-1691670,Latex,Breast Cancer
47,Arif Zulkifli,860211-02-2732,38,015-9371036,013-8253069,Shellfish,None
48,Lisa Wong,770812-05-5938,47,011-8798378,011-1948674,Dust,Kidney Disease
49,Azman Rahim,690919-10-9719,55,017-7683591,015-4105689,Pollen,High Blood Pressure
50,Mohd Azlan,851229-10-4819,39,016-9141394,011-5472356,Latex,Chronic Obstructive Pulmonary Disease (COPD)
51,Choo Mei Ling,930704-14-7755,31,011-3370185,018-9281554,Shellfish,Asthma
52,Rani Suresh,920607-03-1244,32,014-1188315,017-3461315,Gluten,Arthritis
53,Lim Kai Ming,660604-11-9543,58,014-1550241,016-4193831,Pollen,Thyroid Disorders
54,Tasha Khalid,860229-08-6462,38,017-9924154,013-4788137,Gluten,Chronic Kidney Disease
55,Faisal Amin,960320-16-7410,28,013-2819164,010-1479893,Latex,None
56,Wan Ahmad,820209-15-3905,42,015-8327128,015-9686867,Dust,Dementia
57,Syafiq Hassan,821122-01-7893,42,013-6739378,016-1649967,Shellfish,Lung Infections
58,Elizabeth Goh,880926-13-2601,36,019-5876457,013-8681980,Peanuts,Obesity
59,Iskandar Harith,760226-10-5273,48,013-1394299,016-5215581,None,Parkinson's Disease
60,Wong Ken,960707-15-5187,28,012-7865168,015-8060264,Pollen,Lung Infections
61,Rozina Nurul,780914-06-2211,46,016-1958920,011-9299940,Shellfish,None
62,Tan Heng Li,890927-08-8744,35,014-4498233,012-6785149,Latex,Diabetes
63,Fahmi Khalid,710620-08-6192,53,018-8554236,010-5544885,Penicillin,Lung Infections
64,Zaki Ahmad,761206-13-3741,48,015-7803671,018-7677471,None,Lung Infections
65,Reena Patel,700115-09-7013,54,018-7036712,010-4535504,Peanuts,Lung Cancer
66,Nur Hani,751114-11-1994,49,015-4287798,010-9383827,Gluten,Breast Cancer
67,Hafiz Mokhtar,690519-13-5936,55,019-3904268,013-2106703,Dust,None
68,Lim Chin Wei,650614-03-1748,59,019-5507104,018-8312669,Gluten,Kidney Disease
69,Rajan Menon,870728-10-3171,37,010-6162039,012-5418798,Peanuts,None
70,Halimah Binti Mohd,700209-12-3407,54,017-3895552,018-2719718,Latex,Chronic Obstructive Pulmonary Disease (COPD)
71,Mohd Azhar,991211-02-8966,25,015-6647488,015-8572918,Dust,Asthma
72,Lee Mei Yoke,720423-14-2533,52,019-6670976,010-7819217,Shellfish,Arthritis
73,Chong Jia Min,930503-08-7738,31,017-7307571,014-4236700,Penicillin,Thyroid Disorders
74,Amirul Syafiq,701028-16-9047,54,018-4231027,013-3877705,Gluten,Chronic Kidney Disease
75,Wong Ching Yee,921223-04-6489,32,017-5807143,019-6707347,Dust,None
76,Kamal Abdul,970509-14-4368,27,011-8139829,014-2364765,Dust,Lung Infections
77,Farid Fauzi,680511-14-6910,56,010-3639627,019-2109307,Shellfish,Depression
78,Rajiv Ramesh,620509-09-2309,62,018-3840368,013-8144279,Pollen,Arthritis
79,Tan Pei Ling,640230-05-7621,60,019-2415217,013-5344453,Latex,Parkinson's Disease
80,Lim Boon Kiat,680417-09-5944,56,012-9067616,015-1029407,Dust,Skin Diseases
81,Nor Azura,840702-10-3542,40,012-1110669,019-7901239,Shellfish,Heart Disease
82,Zulkifli Zain,871210-08-8388,37,011-4501441,015-9779797,Latex,Diabetes
83,Siti Zainab,910413-05-2604,33,015-7568568,012-8895009,Peanuts,None
84,Heng Lee Wei,910220-15-6238,33,013-3213307,013-1300592,None,Lung Infections
85,Faizah Zulkifli,990214-02-9172,25,010-2858849,017-7911909,Gluten,Lung Cancer
86,Mohd Khairul,970728-15-5853,27,019-1706315,017-6369290,None,Breast Cancer
87,Tan Mei Ling,851115-01-7190,39,013-4089296,010-2186407,Peanuts,None
88,Hafiza Abdullah,940304-15-4930,30,013-4158792,019-7795992,Shellfish,Kidney Disease
89,Alex Yeo,990211-08-5527,25,018-5166514,019-4064975,Pollen,High Blood Pressure
90,Rani Rahim,700515-11-1778,54,014-8434048,012-4354010,None,Chronic Obstructive Pulmonary Disease (COPD)
91,Ahmad Fadzli,860729-07-8261,38,014-3249141,018-5196341,Shellfish,Asthma
92,Taufiq Razak,810621-09-4511,43,012-8981397,017-2290734,None,Arthritis
93,Mohd Shafie,790703-01-5531,45,014-2177137,010-7908007,None,Thyroid Disorders
94,Farah Nadia,650630-01-1186,59,018-4299994,016-5306246,None,None
95,Chong Kok Wei,920825-02-7456,32,015-1804340,013-8691778,Gluten,None
96,Ramesh Rajan,611214-13-4126,63,013-8641354,016-3913401,Peanuts,None
97,Nurul Najwa,650118-02-5859,59,014-5462194,016-8746750,Dust,Depression
98,Hafidz Jamal,910407-13-7217,33,015-7707262,018-6186546,None,Obesity
99,Melvin Ong,890409-09-2893,35,010-2741634,015-2421048,Shellfish,Parkinson's Disease
100,Wong Lee Fong,630304-05-7997,61,015-3083199,018-6508657,Pollen,None
101,Zainab Bakar,671127-13-2020,57,015-9739630,010-6475080,None,Heart Disease
102,Fahmi Zainal,930615-15-9975,31,019-2574164,015-4058517,Pollen,Diabetes
103,Sophia Lim,850822-05-2959,39,016-7737855,016-2972159,None,Lung Infections
104,Ahmad Zulkifli,941203-04-7099,30,015-1879679,018-1816860,Peanuts,None
105,Nadia Hussein,970411-03-8100,27,016-7056784,019-8092488,Penicillin,None
106,Suresh Raj,730614-01-8380,51,013-9591391,011-4923556,Gluten,Lung Infections
107,Tan Yu Xin,650214-05-8025,59,012-5751173,012-2195770,Pollen,Colon Cancer
108,Cheng Wei,840408-16-9269,40,013-7679930,011-9959595,Penicillin,Kidney Disease
109,Laila Hassan,701224-05-6316,54,018-1665375,012-6345361,None,High Blood Pressure
110,Amir Faiz,911013-01-2985,33,016-4913742,011-3107938,None,Chronic Obstructive Pulmonary Disease (COPD)
111,Faridah Ahmad,720915-15-3935,52,015-7857651,018-3474431,Shellfish,Asthma
112,Lee Hock,690710-12-2967,55,010-3017088,011-5791184,Pollen,Arthritis
113,Noraini Hashim,650317-09-1996,59,012-3648460,012-1181331,Shellfish,None
114,Jasmine Ng,870920-01-5383,37,011-7250007,012-6891749,None,Chronic Kidney Disease
115,Kamaruddin Ali,630119-14-9795,61,013-9337990,011-2223043,Pollen,Lung Infections
116,Nurul Iman,730811-16-2510,51,014-4406123,016-9367181,Peanuts,Dementia
117,Mohammad Hafiz,620412-14-7977,62,017-7449087,017-9099632,Pollen,Depression
118,Rajendran Nair,720502-10-6737,52,015-5795164,014-1511202,None,None
119,Chong Xin Yi,921116-01-3537,32,011-6594741,010-7327299,Pollen,Lung Infections
120,Farah Zain,761221-03-2401,48,019-8425374,016-6057217,Shellfish,Arthritis
121,Zakaria Mohd,650931-02-4802,59,014-7127316,019-9656184,Penicillin,Heart Disease
122,Mei Ling Wong,850621-16-2299,39,018-6746839,018-3361944,None,Diabetes
123,Yusof Abdullah,830823-10-5510,41,013-8450245,013-6550048,Peanuts,Stroke
124,Syafiq Zainal,711216-02-3335,53,019-7630155,012-9110546,Gluten,Lung Infections
125,Goh Boon Kok,840223-08-7569,40,016-5399568,018-6396517,Latex,Lung Cancer
126,Fatimah Abdul,610814-11-8766,63,014-3870620,012-2991084,Dust,None
127,Rashid Ismail,630529-03-8833,61,013-1680769,010-8618197,Pollen,None
128,Mohamad Faiz,800931-03-7515,44,014-3504020,017-9871539,Shellfish,Kidney Disease
129,Linda Wong,600622-03-8779,64,011-9327349,011-8720699,Shellfish,High Blood Pressure
130,Liew Wei Ling,840507-06-1394,40,019-5048337,018-4875975,Gluten,None
131,Khairul Amri,720124-04-2878,52,015-9762505,017-4611412,None,Asthma
132,Azizah Rahman,780706-14-5550,46,017-7694861,015-7932914,None,Arthritis
133,Ahmad Kamal,660925-13-5404,58,014-9922045,019-6854501,Peanuts,Thyroid Disorders
134,Tan Soo Mei,670918-06-5536,57,013-9247209,019-4994127,Dust,Chronic Kidney Disease
135,Razak Abdullah,791025-11-3195,45,016-4370426,010-9662449,Shellfish,Inflammatory Bowel Disease
136,Hussein Yusof,680603-14-6663,56,011-6308524,013-2540118,Dust,Dementia
137,Zara Lim,850605-11-6974,39,013-9172111,015-5271353,Penicillin,Depression
138,Nur Fadzilah,950905-14-1613,29,019-4886719,015-2591336,Gluten,Obesity
139,Samira Ali,880205-05-8684,36,010-3563112,015-2638863,Penicillin,None
140,Lim Ching Yee,890530-08-1430,35,010-8808702,015-5178750,Pollen,Skin Diseases
141,Ravi Kumar,650412-04-8789,59,016-1710639,019-6018851,Gluten,None
142,Ali Fadzil,990323-03-7123,25,019-9074911,015-9010971,Pollen,Diabetes
143,Ahmad Rashid,690624-08-7000,55,018-3283165,012-9298534,Shellfish,Stroke
144,Lim Boon Seng,870912-10-5981,37,012-6768698,012-3417048,Penicillin,Lung Infections
145,Wong Jia Hao,741109-07-9521,50,014-9198440,014-4790309,Peanuts,None
146,Fatima Hussain,710813-14-4772,53,015-1546966,013-4722287,Shellfish,Breast Cancer
147,Nur Aishah,600809-08-8284,64,012-4816611,015-7220317,Latex,Lung Infections
148,Raul Amirul,870222-02-2869,37,010-4859430,010-2058234,Pollen,Kidney Disease
149,Sarah Wong,761202-07-6864,48,017-3093540,011-7934314,Dust,High Blood Pressure
150,Nizam Faiz,771224-02-6898,47,016-8176921,014-2274739,Gluten,None
151,Noraini Rahim,881119-06-3980,36,013-9397189,014-3293582,Latex,Asthma
152,Hassan Syafiq,731220-04-4382,51,018-7736757,012-3347967,Shellfish,Arthritis
153,Roslan Omar,830308-11-4939,41,019-9446967,016-3933069,Pollen,None
154,Nurhiyah Aminah,770806-15-8476,47,014-2095243,016-7563172,Lactose,Chronic Kidney Disease
155,Mohammad Faisal,650805-11-6776,59,015-4922330,014-4642334,Penicillin,Inflammatory Bowel Disease
156,Teo Ching,860429-09-9709,38,013-8717347,016-1472224,Shellfish,Dementia
157,Yap Wei Han,900426-15-4649,34,019-8357045,018-6224054,None,Depression
158,Siti Nur Aishah,971114-06-9013,27,011-2783696,015-9700268,Penicillin,None
159,Abu Zahar,740806-06-9534,50,019-8407155,013-2590357,Latex,Parkinson's Disease
160,Nor Fadhilah,640102-15-8176,60,011-8912027,019-6340416,Dust,Skin Diseases
161,Fadzil Hassan,831113-02-9481,41,011-2532666,016-3433906,Dust,Heart Disease
162,Wong Pei Wen,831116-02-7375,41,010-8061473,014-8675159,Lactose,Lung Infections
163,Abdullah Zain,760205-14-9079,48,016-1065453,016-9722030,Peanuts,None
164,Raju Narayanan,680831-03-8113,56,011-3813942,010-5834777,None,Lung Infections
165,Lisa Mohd,730113-15-7697,51,014-5577647,014-3603652,Dust,Lung Cancer
166,Roshan Ali,711025-05-3981,53,010-5006090,013-4734769,None,None
167,Amran Hassan,980614-15-4004,26,015-2553512,011-5913531,Shellfish,Colon Cancer
168,Farah Aziz,810725-02-9542,43,017-6738504,015-8690682,Pollen,Kidney Disease
169,Izzat Rahim,810207-16-7292,43,013-5384675,010-1629029,Shellfish,None
170,Nur Ain Wong,821120-14-9148,42,013-6441551,015-2795383,Dust,Chronic Obstructive Pulmonary Disease (COPD)
171,Wong Jia Min,720427-12-3160,52,018-7594877,011-5432756,Latex,Asthma
172,Abdul Rahman,670913-14-4224,57,010-8637490,011-4382139,Dust,None
173,Aziz Fadzil,600922-16-4055,64,010-3186619,016-3367157,Penicillin,None
174,Siti Hawa,871110-06-5891,37,010-7303690,017-6967006,None,Chronic Kidney Disease
175,Syed Fadhil,700105-11-1351,54,010-6687962,011-2608363,Latex,Inflammatory Bowel Disease
176,Halim Hashim,870813-06-5258,37,016-8281976,011-4848142,Dust,None
177,Nor Azman,920212-16-6679,32,011-8342219,013-6829971,Peanuts,Depression
178,Abdul Razak,810815-10-3748,43,018-9291475,010-1998319,Dust,Obesity
179,Faiz Isa,710325-06-8770,53,013-8323357,015-9200259,Shellfish,Parkinson's Disease
180,Noor Hafizah,740325-09-7999,50,018-6158770,016-7517746,None,None
181,Teh Wei Ling,921112-10-9714,32,010-3334997,015-4498551,Penicillin,Heart Disease
182,Mohammad Rafi,620410-16-4870,62,011-9038009,013-3684079,None,Diabetes
183,Ahmad Fauzi,690608-14-3311,55,017-4390346,015-8908551,Gluten,Stroke
184,Zarina Khalid,791013-02-9104,45,019-5700424,015-3685108,Peanuts,Lung Infections
185,Razif Hamzah,780919-12-9383,46,019-2700962,017-2981249,None,None
186,Faizal Iskandar,771021-02-6447,47,010-7997749,014-1351702,None,None
187,Azman Khalid,770929-03-3944,47,013-1161936,018-8726157,Penicillin,Colon Cancer
188,Nurul Ain,610320-11-8294,63,012-2403210,017-6393033,Latex,Kidney Disease
189,Tan Ying,990801-15-1371,25,010-3757110,011-2309986,Lactose,High Blood Pressure
190,Aiza Zainab,811101-03-9859,43,011-7765684,013-2612654,Peanuts,None
191,Rina Tan,930630-03-1985,31,019-5771731,019-4254146,None,Asthma
192,Wong Jia Yi,760808-07-6670,48,018-3246191,015-3576111,Dust,Arthritis
193,Ali Hassan,740306-06-9855,50,018-8304485,011-3190222,Pollen,Thyroid Disorders
194,Nadia Chong,860206-16-4861,38,017-8066861,016-8687778,None,None
195,Raj Kumar,661204-10-3564,58,015-9821127,015-2678495,Penicillin,None
196,Mohd Faiz,700905-07-1300,54,016-4322231,013-7205756,None,Dementia
197,Wong Wei Ming,830110-14-7916,41,018-7305388,011-9831311,Peanuts,Depression
198,Farid Lim,771015-08-8328,47,019-8864776,013-3236623,Penicillin,Obesity
199,Irfan Amir,981018-10-6812,26,016-9105608,012-4567240,Gluten,Lung Infections
200,Rohana Tan,950117-14-9991,29,012-1245557,017-2239087,Shellfish,None
201,Zulhilmi Ahmad,900811-13-3966,34,012-4413130,019-4273633,Dust,Heart Disease
202,Fatin Zulaikha,820528-01-8370,42,018-4784714,011-2844838,Pollen,Diabetes
203,Hafizuddin Ali,940715-09-5315,30,016-2876098,013-7087387,Peanuts,None
204,Nadira Zain,970110-06-5256,27,014-3372221,012-7446524,Dust,Lung Infections
205,Shahrul Azhar,750410-16-7820,49,011-2337113,011-5468910,None,Lung Cancer
206,Shalini Kumar,700808-03-5403,54,015-3224059,014-4397269,Dust,None
207,Tan Chee Wei,680621-12-6836,56,012-3959326,019-1740416,Penicillin,Lung Infections
208,Chia Mei Ling,680623-10-1607,56,017-5178808,012-7967650,Shellfish,Kidney Disease
209,Farhan Ahmad,920824-01-8065,32,016-7246458,015-8399535,None,High Blood Pressure
210,Intan Zulaikha,930221-07-9076,31,010-5749579,014-7514148,None,None
211,Mohd Isa,840225-05-4086,40,018-9892878,013-7983145,Pollen,Asthma
212,Kavita Rao,731221-15-1870,51,015-4177841,016-4865209,None,Arthritis
213,Syed Jamal,780309-12-3755,46,017-3973732,019-7489676,Penicillin,None
214,Nur Aina,730718-07-2614,51,017-5873272,017-8105309,Pollen,None
215,Rahim Fauzi,890219-03-3157,35,010-3296078,019-2638344,Latex,Lung Infections
216,Chong Li Ying,811212-12-3406,43,011-7532402,011-2848180,Dust,Dementia
217,Amir Zul,651009-09-5457,59,014-8707623,019-5011266,Pollen,Depression
218,Nadia Razak,611106-11-4430,63,019-2836235,012-9545662,Peanuts,Obesity
219,Lisa Lim,660915-09-5400,58,016-5173983,015-2232997,None,Parkinson's Disease
220,Lina Abdullah,810102-16-2512,43,014-6479587,016-9146752,Penicillin,Skin Diseases
221,Johan Aziz,890403-13-5389,35,011-6642493,014-6853738,Latex,Heart Disease
222,Wong Yoke Ling,961029-10-3360,28,011-6854699,017-1041730,None,Diabetes
223,Nor Hanim,680824-08-3564,56,015-9235135,013-3909675,Pollen,Stroke
224,Faisal Syed,961227-16-6966,28,016-6539226,015-1642428,None,None
225,Ghazali Othman,920325-11-2132,32,012-1052170,013-4601851,Peanuts,Lung Cancer
226,Lisa Ahmad,840915-07-8202,40,016-7265422,012-5015536,Peanuts,Breast Cancer
227,Mohammad Yazid,630610-14-6200,61,010-8052217,013-3848193,None,Colon Cancer
228,Tan Wei Lee,650831-10-8249,59,011-2337103,014-7147975,None,Kidney Disease
229,Farid Zamri,950714-09-3286,29,017-5764265,010-1807410,Shellfish,High Blood Pressure
230,Aziz Farhan,640610-08-7892,60,019-2679829,014-2057124,Latex,Chronic Obstructive Pulmonary Disease (COPD)
231,Siti Nor,670720-02-7827,57,018-3928007,013-4556936,Peanuts,Asthma
232,Rahman Zainal,800617-12-3915,44,018-1597463,010-7367137,None,Arthritis
233,Chong Mei Yi,980931-08-5680,26,015-2312430,010-4910182,Penicillin,Thyroid Disorders
234,Anwar Hassan,740618-05-2392,50,015-6426239,017-5156264,None,None
235,Amirah Syafiqah,601006-11-3233,64,015-9495886,014-6033315,Penicillin,Inflammatory Bowel Disease
236,Hafizuddin Zaki,830205-04-1918,41,016-5616330,018-1236640,Pollen,Dementia
237,Suna Faiz,811004-06-2779,43,019-8082840,015-4623962,Dust,Depression
238,Nor Fathiah,910501-02-1144,33,019-4945293,013-9724609,None,Lung Infections
239,Amran Zain,790419-08-3434,45,010-7195361,016-1144534,Dust,None
240,Wong Pei Ling,921226-03-8779,32,018-2879866,016-4895889,Pollen,None
241,Tan Jia Yi,710722-12-1218,53,012-4060900,018-4925517,None,Heart Disease
242,Zarina Rahman,941118-03-7337,30,012-8023354,018-2438588,Pollen,Diabetes
243,Azmi Ismail,720601-11-1624,52,018-3797991,014-7718770,Peanuts,Stroke
244,Nina Abdullah,710724-09-3337,53,015-2157823,019-5607001,Pollen,Lung Infections
245,Ahmad Luqman,940406-01-6340,30,010-1994312,011-4878449,None,Lung Cancer
246,Farah Syakirah,750911-04-6298,49,014-3813770,019-5687044,Latex,Breast Cancer
247,Jasleen Kaur,730815-04-9655,51,012-5019445,018-8768551,Shellfish,Colon Cancer
248,Faiz Zulkifli,950619-15-4807,29,018-9730870,013-9095242,Penicillin,Kidney Disease
249,Ramesh Anwar,961015-07-2446,28,013-1067331,017-8270294,Shellfish,None
250,Sarah Faizal,660926-14-3714,58,010-8184944,015-3406445,Peanuts,Lung Infections
251,Mohammad Helmi,820820-14-8596,42,018-2864013,016-9364951,None,Asthma
252,Kamarul Rahman,670615-01-4550,57,012-8554392,011-6414978,None,Arthritis
253,Tan Siew Ling,740329-09-6819,50,015-8123297,018-2357208,Shellfish,Thyroid Disorders
254,Khairul Hassan,870523-08-7845,37,014-3595372,014-9959177,None,Chronic Kidney Disease
255,Goh Sin Yee,700423-01-7544,54,015-9801781,010-8361012,Penicillin,Inflammatory Bowel Disease
256,Siti Kamariah,701118-01-4667,54,019-2526395,018-3137213,Dust,Dementia
257,Mohd Razak,700222-16-6454,54,017-3671965,019-5218646,Shellfish,Depression
258,Fatin Iman,990523-08-2014,25,013-2610648,018-3624172,Latex,None
259,Amira Zulkifli,810613-07-6252,43,010-3058010,017-2158311,Dust,Parkinson's Disease
260,Chin Wei Ling,831209-05-3314,41,012-2831555,013-1252071,Penicillin,None
261,Farid Kassim,660303-09-1538,58,010-9372748,015-8289715,Dust,Heart Disease
262,Ahmad Safwan,730426-05-6154,51,010-8538936,018-7911616,Shellfish,Diabetes
263,Nor Faizah,911218-14-2732,33,018-8480536,012-6130458,None,Stroke
264,Rashid Abdul,690126-09-6636,55,018-3296291,016-4214810,Pollen,Lung Infections
265,Siti Sarah,630419-01-4811,61,017-1209032,011-9996943,Latex,None
266,Teh Ming Wei,740215-05-8946,50,018-6705445,019-6576788,None,None
267,Yusof Khalid,810304-05-4731,43,011-3191986,015-1385458,Shellfish,None
268,Chong Wei Ming,981126-15-5827,26,018-4809694,014-2181448,Penicillin,Kidney Disease
269,Roslan Ahmad,640310-03-2907,60,019-8425941,016-6784278,Dust,High Blood Pressure
270,Farid Zain,751017-12-4720,49,014-4727452,017-7048028,None,Chronic Obstructive Pulmonary Disease (COPD)
271,Azlina Hassan,650103-09-9531,59,018-6071469,013-4483558,Peanuts,Asthma
272,Syafiq Nor,920919-15-1459,32,013-1494400,017-6990428,Dust,Arthritis
273,Ahmad Hafiz,650610-16-1550,59,017-7893755,011-6555424,Lactose,None
274,Aiman Faiz,790430-03-8759,45,013-2937227,010-5748997,Peanuts,Chronic Kidney Disease
275,Fadhil Rahman,960311-10-2412,28,011-1126317,017-8941807,Penicillin,None
276,Nurul Kamal,650517-13-5292,59,011-6153703,010-6419396,Latex,Dementia
277,Lim Jia Wei,841210-07-6482,40,012-1108721,012-1037003,None,None
278,Zainudin Ismail,650230-13-3997,59,016-5665394,019-1411037,Dust,Obesity
279,Nadira Fauzi,850426-01-5976,39,018-6952207,013-9301497,Latex,Lung Infections
280,Wong Chee Yong,920321-09-1649,32,019-1536426,012-9537546,None,None
281,Faizul Jamal,701005-01-9627,54,017-6412013,012-3026323,Lactose,Heart Disease
282,Razak Kamal,791017-03-1783,45,018-1952234,014-3960405,Pollen,None
283,Tan Pei Ying,890831-05-1846,35,017-6264263,018-6289326,None,Stroke
284,Khalil Ree,730617-12-1323,51,010-2439884,010-7289594,Peanuts,Lung Infections
285,Shamsul Anwar,830918-01-9880,41,010-7663111,012-1872434,Dust,Lung Cancer
286,Nora Azizah,720128-07-9784,52,011-8878639,017-7126860,Peanuts,None
287,Abu Bakar,611020-13-5491,63,018-2221756,019-3771742,Penicillin,Colon Cancer
288,Amran Zaid,870114-10-3514,37,014-9773094,010-2169872,Pollen,Kidney Disease
289,Ali Hassan,880920-08-2750,36,019-3900276,012-1907454,None,High Blood Pressure
290,Faan Nadia,850729-02-8678,39,017-4081106,010-6291415,Peanuts,None
291,Tan Kah Xuan,970322-16-8608,27,018-9121649,012-4501967,None,Asthma
292,Mohammad Syakir,810731-13-2672,43,019-9405341,014-9636373,Peanuts,Arthritis
293,Azizul Rahim,970724-13-2786,27,017-9960650,012-7863034,None,None
294,Zaid Fadzil,680411-14-4883,56,019-2667442,018-6498538,Lactose,Chronic Kidney Disease
295,Ravi Narayan,880721-08-6769,36,012-5681972,016-3870701,Dust,Lung Infections
296,Amira Wong,950126-14-7284,29,015-2140323,017-3916806,None,Dementia
297,Lim Sin Yee,710422-13-9550,53,015-8342287,014-8474537,None,None
298,Nor Azwan,890107-04-8200,35,013-3727831,019-2755707,Pollen,Obesity
299,Nadira Farhan,900904-11-4021,34,010-4956023,018-6342865,None,Parkinson's Disease
300,Ahmad Fauzan,661219-14-5801,58,015-1260227,016-8291250,Lactose,Lung Infections
301,Goh Wei Ming,790323-06-9147,45,018-8255369,010-3822083,Penicillin,Heart Disease
302,Ch'ng Li Xuan,980711-11-7544,26,016-5820696,012-8560000,Latex,None
303,Chuah Min Jie,840828-10-6367,40,018-2178894,016-9093598,Penicillin,Stroke
304,Ng Zhi Hong,701218-04-3495,54,013-1893422,018-2771408,None,Lung Infections
305,Ooi Jin Wei,860107-11-7338,38,012-2079542,010-7095929,Shellfish,None
306,Lee Chen Yi,790814-16-8534,45,016-8926864,016-9792633,Peanuts,Breast Cancer
307,Teh Ying Xuan,741111-12-7885,50,018-2863406,016-6326937,Shellfish,None
308,Tan Xiu Fang,790727-09-4263,45,015-1865037,018-1358244,Dust,Kidney Disease
309,Wong Lian Hua,861017-16-1212,38,014-3774521,018-4856528,Latex,High Blood Pressure
310,Lim Huan Yi,970307-05-8827,27,017-6546953,010-2187915,Peanuts,None
311,Tan Ai Ling,981002-01-5438,26,018-3720343,018-9441879,Peanuts,Asthma
312,Goh Ling Yu,600203-09-4981,64,018-9532788,014-2025653,None,Arthritis
313,Ch'ng Wei Jun,711110-05-9397,53,016-7907943,014-2521938,None,None
314,Ng Qian Yi,600721-01-1593,64,016-7459145,011-8992043,Pollen,Chronic Kidney Disease
315,Ooi Fang Yee,800820-13-1065,44,014-1929127,011-9217174,Penicillin,None
316,Lee Jun Jie,640809-05-1660,60,018-2865098,010-5343502,None,Dementia
317,Teh Xian Yu,660522-01-2136,58,016-5970319,011-9928394,Peanuts,None
318,Foo Zhen Wei,670508-08-8165,57,014-2106511,019-8891506,Shellfish,Obesity
319,Yap Hui Ling,730612-07-5935,51,013-8588786,015-5535149,Pollen,Lung Cancer
320,Lai Fen Ying,810617-11-2762,43,013-1244821,012-8238486,Latex,Skin Diseases
321,Goh Siong Wei,600302-09-9613,64,018-6684126,015-2518301,Pollen,None
322,Ch'ng Ai Mei,760129-06-7766,48,010-2622813,013-7980410,Pollen,Diabetes
323,Chuah Yi Lin,670925-11-7767,57,011-5814984,019-5528390,Dust,Stroke
324,Ng Li Wen,921002-12-4253,32,015-4742672,019-1062980,Dust,Lung Infections
325,Ooi Zhi Qiang,650326-06-7245,59,010-6054445,010-2987237,Latex,None
326,Lee Wei Lin,620720-10-1142,62,017-3936039,014-3641485,Latex,None
327,Teh Fang Cheng,990203-13-2479,25,013-4804272,012-8212191,Penicillin,Colon Cancer
328,Tan Shun Yi,730601-07-7609,51,017-7522932,011-5843056,None,None
329,Wong Jie Min,650907-01-1606,59,018-1461371,018-6032181,Shellfish,High Blood Pressure
330,Lim Xin Yi,921030-06-4054,32,014-4906943,019-6932366,None,None
331,Tan Li Xuan,850609-08-3839,39,017-3814680,011-5369447,Penicillin,Asthma
332,Goh Pei Ling,730816-12-1473,51,010-4544010,017-8963754,Latex,Arthritis
333,Ch'ng Zhi Feng,820103-13-2024,42,011-8106954,013-5158778,Latex,None
334,Ng Yong Tia,980416-01-9470,26,014-3229408,010-5864734,Peanuts,Chronic Kidney Disease
335,Ooi Mei Lin,780430-09-3408,46,013-9843502,015-1380834,Penicillin,None
336,Lee Hwa Yan,600215-08-6067,64,010-7575677,013-6694811,Peanuts,Dementia
337,Teh Yu Chen,790523-09-8032,45,010-1722350,010-4353604,None,Depression
338,Foo Li Hua,840804-02-3653,40,014-3109233,017-5749422,Pollen,Arthritis
339,Yap Zhi Wei,940831-12-1499,30,010-6746683,011-3019224,Peanuts,None
340,Ong Lai Xian,640223-03-6153,60,015-6435405,017-1275314,None,Skin Diseases
341,Goh Chai Ming,720315-12-9447,52,019-8105518,010-9767063,Shellfish,Heart Disease
342,Ch'ng Hwee Ling,791230-16-3571,45,014-9280209,019-8402849,None,None
343,Chuah Qi Ming,680312-02-5527,56,010-8718962,016-2512647,Peanuts,Stroke
344,Ng Sook Mei,630816-12-7855,61,010-3078726,013-1592984,None,Lung Infections
345,Ooi Keng Hong,630509-06-3324,61,013-8535447,017-7654484,Lactose,None
346,Lee Siang Wei,640905-06-9065,60,013-1372767,017-6499854,Shellfish,Breast Cancer
347,Teh Choon Yip,640310-09-4964,60,014-2168605,013-3065463,Lactose,Colon Cancer
348,Tan Jye Ling,820510-06-3481,42,013-5984536,018-2927977,Peanuts,None
349,Wong Ren Jie,760824-16-1400,48,015-4074659,016-4410470,Dust,High Blood Pressure
350,Lim Pei Fen,691219-13-7487,55,011-2751188,010-5105081,Shellfish,Lung Infections
351,Tan Pei Lian,740212-16-2115,50,017-8909220,014-8582511,None,Asthma
352,Goh Tian Wei,950619-12-7185,29,013-2464919,019-1750142,Penicillin,Arthritis
353,Ch'ng Feng Yi,650723-10-7779,59,018-1564791,018-5304870,Latex,None
354,Ng Zhi Yang,960508-05-2390,28,013-6909979,013-9280787,Latex,Chronic Kidney Disease
355,Ooi Wen Yi,661210-01-8998,58,010-3489244,019-8774146,Lactose,Arthritis
356,Lee Hwa Lin,950424-13-8880,29,010-7804184,016-2303087,Pollen,Dementia
357,Teh Yung Wei,651226-03-1117,59,017-5746445,018-8028586,Peanuts,Depression
358,Foo Yan Jun,820713-06-2725,42,017-2886831,018-7760673,Latex,None
359,Yap Min Kee,800213-11-3237,44,019-2675045,012-4081060,Peanuts,Parkinson's Disease
360,Lai Jin Wei,911201-03-8278,33,017-1226126,015-1095087,Peanuts,None
361,Goh Ling Feng,940605-11-2474,30,017-3678886,013-6402106,Shellfish,Heart Disease
362,Ch'ng Zhi Yi,660301-14-1874,58,011-3421385,012-8952576,None,Diabetes
363,Chuah Yu Xin,730919-06-4225,51,011-2059843,016-4423927,None,Stroke
364,Ng Qiao Li,800812-16-3415,44,010-4010947,019-9088308,Lactose,Lung Infections
365,Ooi Jin Yu,920514-10-5338,32,014-2547676,015-3372644,None,Lung Cancer
366,Lee Wei Jie,650911-15-1541,59,013-8393163,018-9766879,Pollen,None
367,Teh Sze Mei,991107-05-5982,25,019-9570947,018-5324942,Dust,Colon Cancer
368,Tan Jia Yi,690302-16-9903,55,018-3637478,019-2269030,Peanuts,Kidney Disease
369,Wong Shi Ying,631016-12-4980,61,012-9185728,015-9685475,Pollen,High Blood Pressure
370,Lim Xiao Hui,800729-02-5497,44,016-9205572,015-4540390,Dust,None
371,Tan Hui Yi,861104-08-2479,38,017-3365598,012-5534536,None,Asthma
372,Goh En Liang,850230-03-6060,39,014-1105361,013-9972365,None,Arthritis
373,Ch'ng Yao Ming,720318-02-6771,52,017-4657982,012-8380197,Lactose,Thyroid Disorders
374,Ng Xin Yi,840904-03-4540,40,019-5917870,010-7828376,None,Chronic Kidney Disease
375,Ooi Kai Jun,670109-16-7003,57,010-1329326,018-2091171,Shellfish,Inflammatory Bowel Disease
376,Lee Yuen Ling,911126-02-9035,33,019-8875796,017-5984492,Peanuts,None
377,Teh Jian Hong,661123-15-7566,58,019-9763846,010-6396911,None,Depression
378,Foo Zhen Hong,771124-01-9084,47,019-4496731,019-3304366,Penicillin,None
379,Yap Shu Mei,620429-10-4909,62,019-3381953,016-5922277,Pollen,Parkinson's Disease
380,Lai Ying Xuan,671104-06-5171,57,016-7978101,017-5268960,Penicillin,Lung Cancer
381,Goh Li Ming,830629-02-6203,41,014-6329793,010-3815437,Dust,Heart Disease
382,Ch'ng Ai Qun,811028-06-3595,43,014-6308114,010-2244760,Shellfish,Diabetes
383,Chuah Jian Hong,961230-13-9146,28,016-6342060,013-9765536,Pollen,None
384,Ng Li Ping,730311-14-4830,51,010-1489026,019-4965080,None,Lung Infections
385,Ooi Yu Lin,640805-15-8467,60,014-6339910,016-4019424,Lactose,Lung Cancer
386,Lee Hwa Yan,711231-09-6366,53,011-6753151,013-5077778,Penicillin,Breast Cancer
387,Teh Mei Chen,790107-02-4686,45,016-1637830,018-6833898,Dust,None
388,Tan Shun Jie,781220-05-4898,46,015-3475136,019-9935494,Peanuts,Kidney Disease
389,Wong Wei Shen,860207-13-2661,38,013-3698660,012-2975523,Shellfish,High Blood Pressure
390,Lim Ching Hui,971031-04-1937,27,013-4803390,012-9453130,None,None
391,Tan Yao Ming,651222-16-3180,59,011-7321352,011-3735742,None,Asthma
392,Goh Li Hua,800502-03-8525,44,014-1644704,015-3251452,Penicillin,Arthritis
393,Ch'ng Zhi Hong,820209-01-6328,42,015-2090160,016-9959064,None,None
394,Ng Siew Mei,931021-15-6702,31,011-4664765,019-4899179,Shellfish,None
395,Ooi Choon Yip,940327-15-6304,30,013-6226959,017-6541380,None,Inflammatory Bowel Disease
396,Lee Suan Yong,901218-10-5144,34,017-4983251,013-5802576,Penicillin,Dementia
397,Teh Yong Ming,641103-01-6214,60,016-4400608,015-8069450,None,Depression
398,Foo Ying Xuan,800514-15-5219,44,016-4907863,012-4583524,Shellfish,None
399,Yap Koo Yi,830914-10-2321,41,010-5757069,014-4079078,Dust,None
400,Lai Seok Mei,760304-03-5884,48,016-7529790,011-7784633,Lactose,Lung Cancer
401,Ahmad Faiz,720708-01-4989,52,018-5837755,019-3264663,Penicillin,Kidney Disease
402,Siti Aishah,850426-03-9308,39,015-3600170,017-3380774,Dust,Chronic Kidney Disease
403,Mohammad Rizal,910715-11-2663,33,018-6187517,015-6020168,Pollen,Arthritis
404,Nurul Huda,781228-10-4855,46,010-3106499,013-7637392,Dust,Heart Disease
405,Zainal Abidin,720213-11-9609,52,013-4510575,017-9484998,None,None
406,Fatimah Zahra,810325-07-8735,43,018-1969992,017-7981597,Latex,High Blood Pressure
407,Ismail Ahmad,900412-01-5335,34,010-1948091,014-8337602,None,Chronic Obstructive Pulmonary Disease (COPD)
408,Aminah Binti,930411-02-3353,31,012-8764824,017-8501777,Latex,Depression
409,Hafiz Rahman,871122-07-8796,37,019-3182961,011-9670454,Penicillin,None
410,Zaki Sari,620830-16-9121,62,014-8560604,013-7173865,Pollen,Thyroid Disorders
411,Syed Ali,850819-14-1922,39,014-2735955,014-5416773,Peanuts,Lung Infections
412,Nadia Khairuddin,740220-04-7300,50,017-4805108,014-8100288,Lactose,Asthma
413,Fauzi Ibrahim,861215-04-8588,38,012-8374735,013-2768000,Penicillin,Inflammatory Bowel Disease
414,Lina Amani,770619-01-8787,47,015-3412915,013-8370475,Pollen,None
415,Razif Mohd,750518-08-5996,49,013-3501225,013-9093445,None,Depression
416,Aisyah Nur,960509-02-2228,28,013-8253707,015-4432609,Lactose,Chronic Obstructive Pulmonary Disease (COPD)
417,Khalid Hassan,670511-07-4069,57,016-2931423,016-5570733,Penicillin,Asthma
418,Maya Farhana,650717-14-4228,59,016-5781537,015-6969732,None,None
419,Zulkifli Mohd,620808-11-5545,62,016-9313953,019-4579591,Shellfish,Diabetes
420,Sabrina Noor,671231-11-5462,57,014-3670476,010-6426190,Latex,Kidney Disease
421,Adibah Rahim,771229-16-3242,47,010-1724119,012-8266392,Pollen,Heart Disease
422,Farhan Azhar,780411-14-5033,46,012-6895580,010-7503809,Pollen,Obesity
423,Yasmin Zainal,980402-01-5740,26,019-2027573,013-5020318,Peanuts,Dementia
424,Shahril Ismail,961106-12-4719,28,011-8714192,019-4736237,Latex,Skin Diseases
425,Diana Sofea,780331-03-4622,46,014-7653885,016-3446529,None,Lung Cancer
426,Azlan Rahman,941213-01-6093,30,013-4889306,019-8016510,Peanuts,Depression
427,Noraida Binti,891014-12-9921,35,012-7103347,014-3410882,None,Heart Disease
428,Hafizah Abdul,790417-03-7814,45,010-3809216,018-2465221,Lactose,Parkinson's Disease
429,Ikmal Zaki,841005-03-5874,40,017-4046425,014-1862392,Shellfish,Chronic Obstructive Pulmonary Disease (COPD)
430,Siti Khadijah,640503-09-5410,60,012-8407102,018-7476279,Pollen,Asthma
431,Fikri Ahmad,850115-06-5421,39,012-7677253,016-6080258,Shellfish,None
432,Ainul Mardhiah,840211-03-7933,40,010-5589924,018-3115613,None,Lung Cancer
433,Rizwan Abdullah,930429-13-7268,31,012-2907952,011-7170523,Gluten,Chronic Kidney Disease
434,Zara Sulaiman,870120-06-2625,37,012-1142511,016-6978371,Lactose,High Blood Pressure
435,Imran Shahril,650927-06-2555,59,017-8680246,017-6361535,Dust,None
436,Siti Nurhaliza,780806-02-7802,46,012-3391959,013-5647995,Penicillin,Chronic Obstructive Pulmonary Disease (COPD)
437,Shahrizan Mohd,970227-06-6719,27,013-9365194,016-3070714,None,Dementia
438,Dahlia Aziz,881223-07-4614,36,018-7019911,017-9311458,Latex,None
439,Khairul Anwar,910124-12-3289,33,019-2313673,016-1289003,None,Depression
440,Laili Faridah,940103-09-5803,30,018-1779969,017-5907068,Latex,Diabetes
441,Aiman Zain,800115-14-1993,44,011-6978975,019-6069680,Penicillin,None
442,Nadia Fatin,861023-09-5307,38,012-7737305,010-7690192,Latex,Heart Disease
443,Fariz Azmi,791022-01-1085,45,011-3089235,014-5945376,Peanuts,Parkinson's Disease
444,Sabrina Hanim,630322-11-1571,61,012-9586330,014-3686857,Penicillin,High Blood Pressure
445,Zainuddin Omar,681003-07-6868,56,017-5596085,012-2707235,None,None
446,Fathiah Nasir,630123-11-9425,61,012-9199974,016-6646985,Latex,Diabetes
447,Syafiq Rahman,950926-06-2228,29,010-8761367,016-3722607,Latex,Kidney Disease
448,Mira Amani,741120-04-1345,50,017-4074650,017-3480680,Pollen,Dementia
449,Haziq Iskandar,730728-09-7295,51,015-9998097,019-6381839,None,High Blood Pressure
450,Wani Salwa,920905-14-9398,32,011-9079747,019-7649632,Gluten,Stroke
451,Adlan Malik,610802-02-5641,63,016-5577155,014-7192803,Peanuts,Chronic Obstructive Pulmonary Disease (COPD)
452,Siti Mariam,910203-07-8681,33,013-9916318,010-1674883,None,Heart Disease
453,Arif Zulkarnain,861029-02-3761,38,016-5598856,018-3938857,Peanuts,None
454,Naim Azhar,840508-09-7967,40,011-2979201,019-6919548,None,Heart Disease
455,Liyana Jamil,731231-10-4201,51,010-1587874,013-2854350,Latex,None
456,Izzat Fikri,701131-13-7905,54,013-6494521,015-8868367,Dust,None
457,Nadia Syahirah,620304-01-8609,62,014-7443591,017-5942387,Lactose,Dementia
458,Faris Alif,940829-12-5148,30,010-2427805,018-2082735,None,Obesity
459,Aira Qistina,740320-03-8370,50,017-7139068,019-4276675,Penicillin,Colon Cancer
460,Zuhairi Rahim,830217-07-2307,41,013-1809799,013-5661061,Shellfish,Parkinson's Disease
461,Rafiq Haris,740231-01-3200,50,016-5390414,010-1890470,Lactose,None
462,Diana Rania,681129-15-7845,56,015-6707681,015-2113517,Peanuts,Chronic Kidney Disease
463,Syed Nizam,630614-13-1006,61,014-7865085,019-1143066,Shellfish,Obesity
464,Khadijah Safiya,770120-08-6306,47,010-7107724,010-7918060,Pollen,Kidney Disease
465,Hafiz Muhammad,691227-08-3023,55,014-2572325,018-8080618,Penicillin,Skin Diseases
466,Aina Maisarah,730710-01-6441,51,011-9468984,019-2197507,Latex,Breast Cancer
467,Shafiqah Noor,821230-02-1610,42,010-2650495,010-3783208,Gluten,None
468,Rizqi Hakim,620904-08-9528,62,017-7847865,013-6278272,None,Diabetes
469,Tariq Ahmad,601106-11-9557,64,012-1483153,018-4974466,Shellfish,Stroke
470,Fatin Zahra,850624-16-1661,39,013-1733630,015-6462344,Pollen,Kidney Disease
471,Azhar Ibrahim,740822-14-8029,50,012-1114612,017-1033952,Pollen,None
472,Hanafi Abdul,970713-15-5466,27,017-4959524,017-4173217,None,Chronic Kidney Disease
473,Siti Nuraini,851019-15-9767,39,014-8701344,019-4118608,Penicillin,Diabetes
474,Farhan Shahril,990329-08-9634,25,016-8374056,015-2302475,Latex,Lung Infections
475,Zainab Binti,630427-15-3644,61,015-4000281,011-3412293,Latex,Depression
476,Ikram Faiz,701011-06-5008,54,017-8454338,012-8614601,Peanuts,None
477,Qistina Hani,990327-09-6423,25,017-8186493,013-6339818,None,Diabetes
478,Rashid Mohd,981012-11-4518,26,010-5169503,019-5948534,Latex,Lung Cancer
479,Afiq Zaki,970414-02-6653,27,011-8640240,016-5430233,Pollen,Stroke
480,Liyana Rania,700618-16-6733,54,015-4697708,010-4877906,Lactose,None
481,Hafizah Noor,921115-01-8927,32,014-2192820,013-8429520,Latex,Chronic Kidney Disease
482,Shahrul Azmi,780920-11-4906,46,013-3666635,019-4232129,Pollen,Inflammatory Bowel Disease
483,Nadia Amira,711225-04-5855,53,016-1128898,011-9503306,Penicillin,None
484,Fadli Kamarudin,600606-02-6942,64,012-2037703,010-8437549,Latex,Lung Infections
485,Amirul Hafiz,661224-02-2140,58,015-5562496,014-8787320,Peanuts,Parkinson's Disease
486,Diana Farhana,670625-16-4891,57,017-9158682,010-7398701,Shellfish,Arthritis
487,Syazwan Rahman,771010-15-5665,47,017-9845062,016-6643894,Gluten,Kidney Disease
488,Irfan Khairul,700519-11-2411,54,012-8902096,014-7342394,None,Stroke
489,Mira Aida,710719-16-5409,53,013-6675730,010-5122178,Lactose,Dementia
490,Zulfiqar Ahmad,710226-10-4357,53,016-2337363,010-4004099,Pollen,None
491,Farisha Amani,730704-01-8020,51,017-9111540,016-2453141,Peanuts,Lung Infections
492,Nashita Binti,840923-07-7776,40,017-6572932,013-7597435,None,None
493,Azim Asyraf,740613-01-2304,50,011-7177108,019-2554462,Latex,Heart Disease
494,Hafiz Rahman,721006-01-4590,52,012-1195578,011-3039549,Peanuts,None
495,Laila Hanim,860504-06-9179,38,015-4115504,013-6877691,Latex,Arthritis
496,Syazwan Amir,650922-02-3973,59,018-2798229,013-1010678,Penicillin,Lung Infections
497,Khairul Nizam,710426-12-9100,53,012-5742105,011-5584574,Latex,Dementia
498,Nurul Ain,600923-15-9093,64,019-1464360,011-1268603,Shellfish,Arthritis
499,Ikhwan Zulkifli,910426-03-4506,33,013-6043806,015-7284127,None,Chronic Kidney Disease
500,Siti Fariha,891215-15-9171,35,017-7398058,015-3352567,Penicillin,Stroke
501,Yap Cheng Huat,980113-12-8097,26,014-4048955,014-6970673,Dust,None
502,Goh Li Ping,760810-16-8965,48,012-9501198,012-1500623,Dust,None
503,Cheah Wai Lum,840220-04-9160,40,015-9717890,013-1462297,None,Stroke
504,Teo Siang Hoc,650517-05-1758,59,010-5277907,019-6863254,Lactose,Lung Infections
505,Mohd Faisal bin Ismail,730608-16-6300,51,010-4895320,015-5261132,None,Lung Cancer
506,Noraini binti Aziz,720820-06-7410,52,018-6301100,011-8492832,Dust,Breast Cancer
507,Ahmad Zaki bin Md Noor,950930-16-9471,29,012-1920116,011-5661038,Gluten,None
508,Aina Roziza,730220-07-7559,51,016-9606027,012-7913383,None,Kidney Disease
509,Ismail bin Noordin,970610-07-9292,27,015-8649624,011-7004305,Pollen,High Blood Pressure
510,Nurul Huda binti Zainuddin,840320-10-6668,40,010-4291006,013-4022111,Latex,Chronic Obstructive Pulmonary Disease (COPD)
511,Hanif Rahman,821218-08-3674,42,015-8593610,011-8080016,Dust,Diabetes
512,Evelyn Tan,770825-10-5344,47,015-8042879,014-9081505,None,None
513,Ananda Chitra,710606-02-8564,53,019-8104760,017-9531787,Peanuts,Lung Infections
514,Lai Kin Ho,961012-03-6189,28,017-6632307,019-4982727,Pollen,None
515,Norman Lee,831027-12-5778,41,017-4256669,013-6579107,None,Parkinson's Disease
516,Shereen Kaur,540911-14-2132,70,019-9624412,011-7800142,None,Stroke
517,Lai Siang Yee,900421-13-5510,34,019-6860554,016-6658852,Lactose,Lung Cancer
518,Azhar Shariff,860620-03-7446,38,016-4198721,010-7659492,Peanuts,Heart Disease
519,Fahmi Amin,861203-05-6496,38,018-2157513,013-6043779,Dust,None
520,Angeline Wong,500427-10-5712,74,013-3348338,012-8748224,Pollen,Diabetes
521,Sri Devi,721114-03-9962,52,011-9211188,012-1860095,None,None
522,Chong Mei Yee,920917-14-2269,32,012-7476079,014-3126802,Shellfish,Kidney Disease
523,Tan Li Hao,970715-01-8130,27,017-8152498,014-8432928,Penicillin,None
524,Yasmin Hamid,730405-10-8727,51,019-7474924,018-2266933,Dust,None
525,Syed Rizwan,840821-09-8437,40,015-1835486,019-3048108,Shellfish,Stroke
526,Elaine Ooi,571127-01-3793,67,015-6215301,014-5072348,None,None
527,Rahimah Karim,840108-04-6655,40,019-8244308,016-1243101,Dust,None
528,Kishore Sundar,970323-11-3644,27,018-4399058,015-4737053,None,Lung Cancer
529,Nabila Ali,540501-03-1589,70,012-1033037,012-6814220,Dust,Diabetes
530,Joseph Goh,590520-08-4286,65,016-2060838,016-3803712,Shellfish,Chronic Kidney Disease
531,Ahmad Faizal,960310-02-5500,28,017-1461848,012-3936320,None,Diabetes
532,Hew Chia Min,520804-07-4040,72,019-6198294,015-3194350,Gluten,Heart Disease
533,Celine Ho,550701-11-7655,69,019-5751849,016-6506290,Pollen,Kidney Disease
534,Fatin Nur,710123-13-8282,53,013-4611092,014-1203595,Dust,None
535,Ong Chee How,741025-13-7378,50,019-4616913,019-5517222,Peanuts,Parkinson's Disease
536,Mahmood Saleh,850420-07-4664,39,018-4819536,017-5226615,Penicillin,Heart Disease
537,Adeline Wong,610523-13-4102,63,013-9202020,012-5064032,Lactose,Chronic Kidney Disease
538,Rahul Chandra,690718-14-1199,55,015-7412388,016-4850670,None,Heart Disease
539,Siti Noorani,751209-11-9760,49,013-2699256,015-1694131,Pollen,Lung Infections
540,Lee Choong Fui,950507-09-7660,29,019-6616627,016-6245138,Peanuts,Diabetes
541,Mohd Farhan,721201-07-4372,52,014-9700707,019-1182318,None,None
542,Lim Mei Yen,630802-14-6292,61,015-6954877,014-9814634,Shellfish,Diabetes
543,Sara Ibrahim,690807-09-5210,55,011-3489027,017-8467688,None,Depression
544,Christopher Lee,881009-13-3230,36,013-5354067,011-3594394,Gluten,Kidney Disease
545,Meera Valli,980824-03-1080,26,012-9840854,013-6702917,None,Lung Infections
546,Sunitha Reddy,780219-13-5810,46,016-6125399,016-5962697,Lactose,None
547,Fariz Abdullah,570404-08-6476,67,012-2218685,019-7051553,Penicillin,Asthma
548,Rajesh Kumar,960611-14-4847,28,013-8053031,013-9893276,Peanuts,Lung Infections
549,Nurul Ain,840718-03-5014,40,016-8707282,014-5862751,None,Heart Disease
550,Kok Mun Seng,990907-01-5953,25,014-4279168,015-6055348,Peanuts,None
551,Nandini Maniam,620322-06-3241,62,016-3702731,012-7610008,Penicillin,Diabetes
552,Suhailah Mohd,650928-10-6895,59,016-9438373,017-7925242,Peanuts,Lung Infections
553,Alvin Yong,500604-14-5007,74,017-1141907,019-2916314,Penicillin,Heart Disease
554,Nur Azwa,691006-07-3334,55,013-6354037,010-4201243,None,None
555,Kee Wen Wen,560327-02-7733,68,014-7500056,012-2990156,Peanuts,High Blood Pressure
556,Shahira Rahman,810426-11-2283,43,015-1448921,011-1687552,Dust,Lung Infections
557,Lim Sze Yin,880424-08-2867,36,013-8934545,019-8747431,None,Stroke
558,Ananda Devi,620320-07-3494,62,014-4407293,010-7097333,Peanuts,Asthma
559,Cheong Min Li,521006-14-6790,72,013-6798496,017-6946022,Penicillin,Diabetes
560,Mohd Idris,950710-08-2379,29,011-1995670,016-6265417,Latex,Chronic Kidney Disease
561,Tan Zhi Ling,591124-07-2368,65,012-5640304,010-5525707,Dust,Diabetes
562,Lee Fong Wei,680519-02-3240,56,010-1073961,015-3903786,Peanuts,Lung Infections
563,Amirul Hakim,940710-14-5468,30,010-3221880,017-5117584,None,None
564,Siti Khatijah,610701-06-7487,63,011-4799117,015-4966644,Peanuts,Diabetes
565,Ng Choon Wai,570405-13-5308,67,010-9650943,012-9964354,None,High Blood Pressure
566,Ganesh Nair,960822-09-9742,28,016-7358707,013-9231760,Dust,Parkinson's Disease
567,Vani Param,520812-02-1018,72,013-8760478,019-9777185,Shellfish,None
568,Yap Kah Mun,810423-07-8382,43,013-3666862,015-3220669,Dust,Chronic Kidney Disease
569,Azizul Rahman,590312-11-4624,65,018-1130001,016-1642276,Pollen,Diabetes
570,Li Mei Hwa,640503-08-7891,60,018-9429508,010-5890286,Penicillin,Lung Cancer
571,Ravinder Kaur,820413-13-7727,42,010-3489597,013-6532758,None,High Blood Pressure
572,Farah Salsabila,650727-06-9460,59,016-7397749,011-7591787,Dust,None
573,Ahmad Khairi,550310-04-5720,69,013-8142150,019-7424414,Shellfish,Asthma
574,Sheela Raj,591128-12-6822,65,017-5707863,014-7738208,Peanuts,Parkinson's Disease
575,Chan Ming Wei,690421-06-1348,55,015-9904554,015-4431084,Dust,Heart Disease
576,Wong Chin Heng,690504-04-9265,55,019-4316134,019-9782537,Shellfish,None
577,Aziza Oman,660903-03-9243,58,017-5512730,017-9143795,Pollen,Lung Cancer
578,Ravi Krishnan,530719-09-1579,71,013-2074954,017-5251257,None,Diabetes
579,Teoh Kee Meng,591204-13-2884,65,018-2098350,014-3930344,Dust,Kidney Disease
580,Low Yik Mun,960310-07-4205,28,019-2641626,012-5641841,Pollen,Lung Infections
581,Shafiq Hazim,971020-06-2965,27,016-2205155,012-3676684,Latex,Depression
582,Kim Lee Yong,561214-10-9891,68,016-7788364,019-5627989,Peanuts,High Blood Pressure
583,Siti Nurazila,660813-14-4175,58,016-8667687,010-5449487,None,Diabetes
584,Jalaluddin Ahmad,680805-11-8162,56,012-6668397,016-6485003,Penicillin,Asthma
585,Hafiz Mohd,620110-14-1213,62,013-3714549,016-5474225,Shellfish,None
586,Hazim Afiq,511020-10-6629,73,019-8078197,014-4479934,Dust,Kidney Disease
587,Roshan Kumar,870504-10-3261,37,016-1881706,014-1973734,Shellfish,Parkinson's Disease
588,Haslina Jamal,590524-08-6976,65,016-5305445,012-7961908,None,Lung Cancer
589,Hanim Azwar,750916-08-5548,49,010-7631942,015-6699969,Peanuts,Stroke
590,Arif Syed,810823-01-5079,43,017-9705276,013-4940872,None,High Blood Pressure
591,Michelle Lau,950502-04-3483,29,014-9973348,014-7230981,Latex,Kidney Disease
592,Aisyah Rahim,921101-12-9358,32,015-6717910,013-4768245,Shellfish,None
593,Hafiz Salleh,580813-14-2955,66,019-8092407,015-9595603,Penicillin,Dementia
594,Ali Azmi,690418-01-1456,55,011-6346793,015-2721910,Peanuts,None
595,Nurin Najwa,870325-08-5989,37,013-9661961,012-5488653,None,Lung Cancer
596,Aiman Hakim,530111-01-2512,71,018-4944726,014-5578053,Dust,High Blood Pressure
597,Chen Su Ling,680623-05-6844,56,019-6741746,017-7774352,Shellfish,Asthma
598,Goh Hui Min,911207-05-5980,33,011-2450052,011-8788006,Dust,Lung Infections
599,Firdaus Rahman,991126-06-6639,25,019-2880340,015-4177430,None,Diabetes
600,Tina Raj,520409-12-2389,72,016-1189975,013-2427992,Latex,Stroke
601,Jamilah Azhar,861104-12-6506,38,017-9021730,013-8594813,Pollen,High Blood Pressure
602,Ronnie Goh,510318-07-6490,73,010-4138633,010-2650665,Dust,Diabetes
603,Noor Azlan,570825-11-7151,67,016-1002600,015-1709978,None,Parkinson's Disease
604,Tan Li Li,791204-05-8267,45,014-5711548,018-4102025,Dust,None
605,Tham Chen Wei,800327-10-7704,44,013-2904728,015-2242071,Shellfish,Lung Infections
606,Bala Krishnan,770412-05-7133,47,017-2570362,010-8610954,Penicillin,None
607,Nor Azmi,560125-01-6772,68,013-1600521,013-7003654,Peanuts,Dementia
608,Kevin Lai,621204-03-5422,62,014-7542983,013-4110876,Pollen,Stroke
609,Siti Asma,951028-08-9811,29,010-3205021,016-6446999,Peanuts,None
610,Jeffrey Tan,701123-01-5710,54,014-9086154,016-9554496,Pollen,Lung Infections
611,Patrick Lee,690617-10-2709,55,017-5170732,015-8652559,Peanuts,Kidney Disease
612,Suresh Menon,820428-13-1220,42,014-2104135,014-6583977,None,Heart Disease
613,Noraini Hashim,980318-10-3910,26,010-3673746,014-3645632,Pollen,High Blood Pressure
614,Letchumy Devi,670811-02-7549,57,012-8894625,015-3316780,Shellfish,Lung Cancer
615,Zahid Amir,770707-04-1097,47,017-2946236,016-6270953,Penicillin,None
616,Noor Shah,580517-14-9932,66,010-9009322,010-4344580,Pollen,Lung Infections
617,Leong Kah Mun,720427-07-2295,52,018-3797915,013-9494305,Pollen,Heart Disease
618,Chong Chin Yew,961227-08-2319,28,017-7324660,014-8192926,Dust,Diabetes
619,Rahul Jay,870601-12-8591,37,015-2988889,013-4164695,None,None
620,Syafiq Rahman,710302-05-7939,53,011-6853936,019-2200312,Penicillin,Lung Cancer
621,Noorhidayah Abdul,630909-12-4345,61,013-1907143,018-1292480,None,Colon Cancer
622,Zaiton Aziz,930906-01-5717,31,011-9308017,018-8673373,Pollen,None
623,Khadijah Hashim,570812-08-6065,67,010-1321241,012-3307997,Shellfish,None
624,Faizul Ali,980905-08-3300,26,012-9087237,014-9655301,None,Dementia
625,Cheah Kim,800210-04-4733,44,010-1869690,013-1757422,Lactose,None
626,Rosli Ahmad,510802-11-5175,73,017-3753399,011-9124482,None,Lung Cancer
627,Sangeetha Devi,650208-12-2323,59,013-1670650,019-2893670,Pollen,Parkinson's Disease
628,Alex Chin,851218-03-5701,39,014-8162951,017-9558330,Penicillin,Lung Infections
629,Linda Ibrahim,590826-04-4990,65,011-5864715,010-3687112,Dust,Diabetes
630,George Lee,991119-10-2324,25,018-9899399,011-9314544,Peanuts,None
631,Mokhtar Zain,900625-09-2983,34,012-6145310,012-2400041,None,Dementia
632,Kavitha Nair,640112-07-1949,60,017-8862119,015-4710212,None,None
633,Saiful Ismail,900602-03-7909,34,014-2053464,017-2668189,Shellfish,Depression
634,Teo Mei Ling,571206-05-3984,67,017-1025386,015-1482951,Latex,None
635,Foo Siew Kim,991127-14-5774,25,019-3899197,010-7638465,None,Diabetes
